source,subsource,subsubsource,year,lcoe,cost_kw
Onshore,Land-Based Wind,,2010,0.058,2092
Onshore,Land-Based Wind,Utility,2014,0.053,1729
Onshore,Land-Based Wind,Utility,2013,0.054,1758
Onshore,Land-Based Wind,,2008,0.038,1150.09
Onshore,Land-Based Wind,,2007,0.039,1155.73
Onshore,Land-Based Wind,,2006,0.039,1161.36
Onshore,Land-Based Wind,,2005,0.04,1167
Onshore,Land-Based Wind,,2008,0.057,1570.49
Onshore,Land-Based Wind,,2008,0.051,1570.49
Onshore,Land-Based Wind,,2008,0.047,1570.49
Onshore,Land-Based Wind,,2008,0.044,1570.49
Onshore,Land-Based Wind,,2008,0.041,1570.49
Onshore,Land-Based Wind,,2007,0.058,1570.49
Onshore,Land-Based Wind,,2007,0.052,1570.49
Onshore,Land-Based Wind,,2007,0.048,1570.49
Onshore,Land-Based Wind,,2007,0.045,1570.49
Onshore,Land-Based Wind,,2007,0.042,1570.49
Onshore,Land-Based Wind,,2006,0.059,1570.49
Onshore,Land-Based Wind,,2006,0.054,1570.49
Onshore,Land-Based Wind,,2006,0.049,1570.49
Onshore,Land-Based Wind,,2006,0.045,1570.49
Onshore,Land-Based Wind,,2006,0.043,1570.49
Onshore,Land-Based Wind,,2000,0.1,1570.49
Onshore,Land-Based Wind,,2000,0.1,1570.49
Onshore,Land-Based Wind,,2000,0.1,1570.49
Onshore,Land-Based Wind,,2000,0.1,1570.49
Onshore,Land-Based Wind,,2000,0.1,1570.49
Onshore,Land-Based Wind,,2001,0.088,1570.49
Onshore,Land-Based Wind,,2001,0.085,1570.49
Onshore,Land-Based Wind,,2001,0.082,1570.49
Onshore,Land-Based Wind,,2001,0.08,1570.49
Onshore,Land-Based Wind,,2002,0.079,1570.49
Onshore,Land-Based Wind,,2001,0.078,1570.49
Onshore,Land-Based Wind,,2002,0.074,1570.49
Onshore,Land-Based Wind,,2003,0.072,1570.49
Onshore,Land-Based Wind,,2002,0.07,1570.49
Onshore,Land-Based Wind,,2002,0.067,1570.49
Onshore,Land-Based Wind,,2003,0.066,1570.49
Onshore,Land-Based Wind,,2004,0.066,1570.49
Onshore,Land-Based Wind,,2002,0.064,1570.49
Onshore,Land-Based Wind,,2003,0.062,1570.49
Onshore,Land-Based Wind,,2005,0.061,1570.49
Onshore,Land-Based Wind,,2004,0.06,1570.49
Onshore,Land-Based Wind,,2003,0.058,1570.49
Onshore,Land-Based Wind,,2003,0.055,1570.49
Onshore,Land-Based Wind,,2004,0.055,1570.49
Onshore,Land-Based Wind,,2005,0.055,1570.49
Onshore,Land-Based Wind,,2004,0.051,1570.49
Onshore,Land-Based Wind,,2005,0.05,1570.49
Onshore,Land-Based Wind,,2004,0.048,1570.49
Onshore,Land-Based Wind,,2005,0.046,1570.49
Onshore,Land-Based Wind,,2005,0.043,1570.49
Onshore,Land-Based Wind,,2009,0.05,1435
Onshore,Land-Based Wind,,2009,0.044,1435
Onshore,Land-Based Wind,,2009,0.04,1435
Onshore,Land-Based Wind,,2008,0.056,1448
Onshore,Land-Based Wind,,2008,0.047,1448
Onshore,Land-Based Wind,,2008,0.042,1448
Onshore,Land-Based Wind,,2008,0.053,1540
Onshore,Land-Based Wind,,2008,0.082,1750
Onshore,Land-Based Wind,,2009,0.067,1922.99
Onshore,Land-Based Wind,,2008,0.064,1960
Onshore,Land-Based Wind,,2009,0.076,2400
Onshore,Land-Based Wind,,2010,0.064,1964.39
Onshore,Land-Based Wind,,2009,0.064,1965.56
Onshore,Land-Based Wind,,2010,0.066,2034.2
Onshore,Land-Based Wind,,2009,0.051,1440
Onshore,Land-Based Wind,,2009,0.041,1440
Onshore,Land-Based Wind,,2009,0.062,1900
Onshore,Land-Based Wind,,2009,0.065,1990
Onshore,Land-Based Wind,,2009,0.058,1990
Onshore,Land-Based Wind,,2009,0.085,2120
Onshore,Land-Based Wind,,2009,0.074,2250
Onshore,Land-Based Wind,,2009,0.09,2350
Onshore,Land-Based Wind,,2009,0.079,2500
Onshore,Land-Based Wind,,2009,0.111,2600
Onshore,Land-Based Wind,,2009,0.09,3025
Onshore,Land-Based Wind,,2009,0.088,3025
Onshore,Land-Based Wind,,2011,0.076,2402.77
Onshore,Land-Based Wind,,2010,0.073,2408.76
Onshore,Land-Based Wind,,2009,0.044,1200
Onshore,Land-Based Wind,,2011,0.053,1200
Onshore,Land-Based Wind,,2011,0.074,1650
Onshore,Land-Based Wind,,2009,0.058,1750
Onshore,Land-Based Wind,,2009,0.064,1966
Onshore,Land-Based Wind,,2011,0.066,2092
Onshore,Land-Based Wind,,2009,0.068,2100
Onshore,Land-Based Wind,,2011,0.094,2100
Onshore,Land-Based Wind,,2002,0.053,1300
Onshore,Land-Based Wind,,2012,0.061,1600
Onshore,Land-Based Wind,,2010,0.086,1800
Onshore,Land-Based Wind,,2010,0.064,1980
Onshore,Land-Based Wind,,2010,0.071,1980
Onshore,Land-Based Wind,,2010,0.066,2092
Onshore,Land-Based Wind,,2010,0.072,2250
Onshore,Land-Based Wind,,2010,0.092,3000
Onshore,Land-Based Wind,,2010,0.105,3500
Onshore,Land-Based Wind,,2011,0.105,3500
Onshore,Land-Based Wind,,2009,0.114,3830
Onshore,Land-Based Wind,,2010,0.119,4000
Onshore,Land-Based Wind,,2013,0.047,1422
Onshore,Land-Based Wind,,2013,0.054,1647
Onshore,Land-Based Wind,,2013,0.061,1673
Onshore,Land-Based Wind,,2013,0.064,1934
Onshore,Land-Based Wind,,2013,0.094,2095
Onshore,Land-Based Wind,,2013,0.069,2098
Onshore,Land-Based Wind,,2013,0.108,2506
Onshore,Land-Based Wind,,2010,0.045,1259.89111168481
Onshore,Land-Based Wind,,2004,0.046,1283.37808087014
Onshore,Land-Based Wind,,2001,0.047,1312.2060794698
Onshore,Land-Based Wind,,2005,0.047,1324.82049817643
Onshore,Land-Based Wind,,2003,0.049,1393.1623287555
Onshore,Land-Based Wind,,2014,0.035,1400
Onshore,Land-Based Wind,,1998,0.049,1412.58051359986
Onshore,Land-Based Wind,,2005,0.052,1505.96817355243
Onshore,Land-Based Wind,,1996,0.053,1531.31492631002
Onshore,Land-Based Wind,,2002,0.053,1534.24405053582
Onshore,Land-Based Wind,,2013,0.055,1629.84058422755
Onshore,Land-Based Wind,,1999,0.056,1660.01956371496
Onshore,Land-Based Wind,,2000,0.056,1671.62893303977
Onshore,Land-Based Wind,,2006,0.057,1681.0000575444
Onshore,Land-Based Wind,,2014,0.076,1800
Onshore,Land-Based Wind,,1994,0.06,1818.51796664279
Onshore,Land-Based Wind,,2007,0.061,1850.1551155317
Onshore,Land-Based Wind,,1995,0.062,1873.749262422
Onshore,Land-Based Wind,,2012,0.064,1960.19920001822
Onshore,Land-Based Wind,,2010,0.065,2010
Onshore,Land-Based Wind,,1987,0.066,2029.85815721141
Onshore,Land-Based Wind,,2010,0.066,2050
Onshore,Land-Based Wind,,2008,0.067,2068.20733384189
Onshore,Land-Based Wind,,2011,0.07,2166.76539897159
Onshore,Land-Based Wind,,2010,0.072,2258.33261462121
Onshore,Land-Based Wind,,2009,0.072,2261.62773904073
Onshore,Land-Based Wind,,1997,0.078,2481.51459276229
Onshore,Land-Based Wind,,1989,0.081,2597.99024493532
Onshore,Land-Based Wind,,1990,0.09,2939.41283396816
Onshore,Land-Based Wind,,1985,0.098,3227.71797109737
Onshore,Land-Based Wind,,1986,0.1,3308.32400089713
Onshore,Land-Based Wind,,1983,0.147,5048.49963485319
Offshore,Wind-Offshore,Fixed Platform,2010,0.157,5437
Offshore,Wind-Offshore,Fixed Platform,2013,0.165,5307
Offshore,Wind-Offshore,Fixed Platform,2014,0.165,5307
Offshore,Wind-Offshore,Floating Platform,2013,0.17,5860
Offshore,Wind-Offshore,Floating Platform,2014,0.17,5860
Offshore,Wind-Offshore,Floating Platform,2013,0.188,6859
Offshore,Wind-Offshore,Floating Platform,2014,0.188,6859
Offshore,Wind-Offshore,,2008,0.086,2225.53
Offshore,Wind-Offshore,,2008,0.079,2225.53
Offshore,Wind-Offshore,,2008,0.074,2225.53
Offshore,Wind-Offshore,,2008,0.07,2225.53
Offshore,Wind-Offshore,,2008,0.066,2225.53
Offshore,Wind-Offshore,,2007,0.089,2245.14
Offshore,Wind-Offshore,,2007,0.081,2245.14
Offshore,Wind-Offshore,,2007,0.076,2245.14
Offshore,Wind-Offshore,,2007,0.071,2245.14
Offshore,Wind-Offshore,,2007,0.067,2245.14
Offshore,Wind-Offshore,,2006,0.091,2264.75
Offshore,Wind-Offshore,,2006,0.083,2264.75
Offshore,Wind-Offshore,,2006,0.077,2264.75
Offshore,Wind-Offshore,,2006,0.073,2264.75
Offshore,Wind-Offshore,,2006,0.068,2264.75
Offshore,Wind-Offshore,,2000,0.093,2284.35
Offshore,Wind-Offshore,,2001,0.093,2284.35
Offshore,Wind-Offshore,,2002,0.093,2284.35
Offshore,Wind-Offshore,,2003,0.093,2284.35
Offshore,Wind-Offshore,,2004,0.093,2284.35
Offshore,Wind-Offshore,,2005,0.093,2284.35
Offshore,Wind-Offshore,,2000,0.086,2284.35
Offshore,Wind-Offshore,,2001,0.086,2284.35
Offshore,Wind-Offshore,,2002,0.086,2284.35
Offshore,Wind-Offshore,,2003,0.086,2284.35
Offshore,Wind-Offshore,,2004,0.086,2284.35
Offshore,Wind-Offshore,,2005,0.086,2284.35
Offshore,Wind-Offshore,,2000,0.079,2284.35
Offshore,Wind-Offshore,,2001,0.079,2284.35
Offshore,Wind-Offshore,,2002,0.079,2284.35
Offshore,Wind-Offshore,,2003,0.079,2284.35
Offshore,Wind-Offshore,,2004,0.079,2284.35
Offshore,Wind-Offshore,,2005,0.079,2284.35
Offshore,Wind-Offshore,,2005,0.074,2284.35
Offshore,Wind-Offshore,,2000,0.074,2284.35
Offshore,Wind-Offshore,,2001,0.074,2284.35
Offshore,Wind-Offshore,,2002,0.074,2284.35
Offshore,Wind-Offshore,,2003,0.074,2284.35
Offshore,Wind-Offshore,,2004,0.074,2284.35
Offshore,Wind-Offshore,,2004,0.07,2284.35
Offshore,Wind-Offshore,,2005,0.07,2284.35
Offshore,Wind-Offshore,,2000,0.07,2284.35
Offshore,Wind-Offshore,,2001,0.07,2284.35
Offshore,Wind-Offshore,,2002,0.07,2284.35
Offshore,Wind-Offshore,,2003,0.07,2284.35
Offshore,Wind-Offshore,,2003,0.109,3045.81
Offshore,Wind-Offshore,,2004,0.109,3045.81
Offshore,Wind-Offshore,,2005,0.109,3045.81
Offshore,Wind-Offshore,,2006,0.109,3045.81
Offshore,Wind-Offshore,,2007,0.109,3045.81
Offshore,Wind-Offshore,,2000,0.109,3045.81
Offshore,Wind-Offshore,,2008,0.109,3045.81
Offshore,Wind-Offshore,,2001,0.109,3045.81
Offshore,Wind-Offshore,,2002,0.109,3045.81
Offshore,Wind-Offshore,,2002,0.099,3045.81
Offshore,Wind-Offshore,,2003,0.099,3045.81
Offshore,Wind-Offshore,,2004,0.099,3045.81
Offshore,Wind-Offshore,,2005,0.099,3045.81
Offshore,Wind-Offshore,,2006,0.099,3045.81
Offshore,Wind-Offshore,,2007,0.099,3045.81
Offshore,Wind-Offshore,,2000,0.099,3045.81
Offshore,Wind-Offshore,,2008,0.099,3045.81
Offshore,Wind-Offshore,,2001,0.099,3045.81
Offshore,Wind-Offshore,,2001,0.094,3045.81
Offshore,Wind-Offshore,,2002,0.094,3045.81
Offshore,Wind-Offshore,,2003,0.094,3045.81
Offshore,Wind-Offshore,,2004,0.094,3045.81
Offshore,Wind-Offshore,,2005,0.094,3045.81
Offshore,Wind-Offshore,,2006,0.094,3045.81
Offshore,Wind-Offshore,,2007,0.094,3045.81
Offshore,Wind-Offshore,,2000,0.094,3045.81
Offshore,Wind-Offshore,,2008,0.094,3045.81
Offshore,Wind-Offshore,,2000,0.088,3045.81
Offshore,Wind-Offshore,,2008,0.088,3045.81
Offshore,Wind-Offshore,,2001,0.088,3045.81
Offshore,Wind-Offshore,,2002,0.088,3045.81
Offshore,Wind-Offshore,,2003,0.088,3045.81
Offshore,Wind-Offshore,,2004,0.088,3045.81
Offshore,Wind-Offshore,,2005,0.088,3045.81
Offshore,Wind-Offshore,,2006,0.088,3045.81
Offshore,Wind-Offshore,,2007,0.088,3045.81
Offshore,Wind-Offshore,,2007,0.083,3045.81
Offshore,Wind-Offshore,,2008,0.083,3045.81
Offshore,Wind-Offshore,,2000,0.083,3045.81
Offshore,Wind-Offshore,,2001,0.083,3045.81
Offshore,Wind-Offshore,,2002,0.083,3045.81
Offshore,Wind-Offshore,,2003,0.083,3045.81
Offshore,Wind-Offshore,,2004,0.083,3045.81
Offshore,Wind-Offshore,,2005,0.083,3045.81
Offshore,Wind-Offshore,,2006,0.083,3045.81
Offshore,Wind-Offshore,,2008,0.184,2865.49
Offshore,Wind-Offshore,,2009,0.157,2838.75
Offshore,Wind-Offshore,,2008,0.146,2865.49
Offshore,Wind-Offshore,,2009,0.132,2838.75
Offshore,Wind-Offshore,,2008,0.124,2865.49
Offshore,Wind-Offshore,,2009,0.116,2838.75
Offshore,Wind-Offshore,,2009,0.127,3851.5
Offshore,Wind-Offshore,,2009,0.128,3936.77
Offshore,Wind-Offshore,,2009,0.113,3750
Offshore,Wind-Offshore,,2009,0.213,5000
Offshore,Wind-Offshore,,2009,0.179,6000
Offshore,Wind-Offshore,,2010,0.184,6055.75
Offshore,Wind-Offshore,,2011,0.102,3200
Offshore,Wind-Offshore,,2009,0.128,3937
Offshore,Wind-Offshore,,2011,0.135,4100
Offshore,Wind-Offshore,,2011,0.118,4300
Offshore,Wind-Offshore,,2011,0.167,5000
Offshore,Wind-Offshore,Fixed Platform,2011,0.174,5437
Offshore,Wind-Offshore,,2010,0.125,3600
Offshore,Wind-Offshore,Fixed Platform,2010,0.122,3643
Offshore,Wind-Offshore,Fixed Platform,2010,0.124,3643
Offshore,Wind-Offshore,,2010,0.144,3800
Offshore,Wind-Offshore,,2014,0.102,3100
Offshore,Wind-Offshore,,2014,0.2,5500
Photovoltaic,Photovoltaic,Commercial,2012,0.201,3220
Photovoltaic,Photovoltaic,Utility,2014,0.113,2020
Photovoltaic,Photovoltaic,Utility,2013,0.142,2586
Photovoltaic,Photovoltaic,,2008,0.221,4088
Photovoltaic,Photovoltaic,,2007,0.241,4392
Photovoltaic,Photovoltaic,,2006,0.261,4696
Photovoltaic,Photovoltaic,,2002,0.281,5000
Photovoltaic,Photovoltaic,,2003,0.281,5000
Photovoltaic,Photovoltaic,,2000,0.281,5000
Photovoltaic,Photovoltaic,,2004,0.281,5000
Photovoltaic,Photovoltaic,,2001,0.281,5000
Photovoltaic,Photovoltaic,,2005,0.281,5000
Photovoltaic,Photovoltaic,,2008,0.384,8451.62
Photovoltaic,Photovoltaic,,2007,0.4,8801.08
Photovoltaic,Photovoltaic,,2006,0.417,9150.54
Photovoltaic,Photovoltaic,,2005,0.433,9500
Photovoltaic,Photovoltaic,,2009,0.211,4591.94
Photovoltaic,Photovoltaic,,2008,0.242,5159.47
Photovoltaic,Photovoltaic,,2007,0.274,5727
Photovoltaic,Photovoltaic,,2009,0.285,5161.67
Photovoltaic,Photovoltaic,,2008,0.379,6195.84
Photovoltaic,Photovoltaic,,2007,0.495,7230
Photovoltaic,Photovoltaic,,2009,0.37,6096.26
Photovoltaic,Photovoltaic,,2008,0.473,7033.13
Photovoltaic,Photovoltaic,,2007,0.59,7970
Photovoltaic,Photovoltaic,,2009,0.286,6037.52
Photovoltaic,Photovoltaic,,2009,0.407,6171.18
Photovoltaic,Photovoltaic,Residential,2009,0.143,3500
Photovoltaic,Photovoltaic,Utility,2009,0.16,3500
Photovoltaic,Photovoltaic,Residential,2009,0.22,3750
Photovoltaic,Photovoltaic,Residential,2009,0.19,4000
Photovoltaic,Photovoltaic,Utility,2009,0.225,4000
Photovoltaic,Photovoltaic,Utility,2008,0.397,4000
Photovoltaic,Photovoltaic,Utility,2008,0.265,4000
Photovoltaic,Photovoltaic,Utility,2008,0.199,4000
Photovoltaic,Photovoltaic,,2009,0.174,4095
Photovoltaic,Photovoltaic,Residential,2009,0.244,4500
Photovoltaic,Photovoltaic,,2009,0.201,4550
Photovoltaic,Photovoltaic,Commercial,2008,0.497,5000
Photovoltaic,Photovoltaic,Commercial,2008,0.331,5000
Photovoltaic,Photovoltaic,Commercial,2008,0.248,5000
Photovoltaic,Photovoltaic,,2009,0.237,5005
Photovoltaic,Photovoltaic,,2009,0.243,5700
Photovoltaic,Photovoltaic,Residential,2008,0.596,6000
Photovoltaic,Photovoltaic,Residential,2008,0.397,6000
Photovoltaic,Photovoltaic,Residential,2008,0.298,6000
Photovoltaic,Photovoltaic,,2010,0.322,4697.26
Photovoltaic,Photovoltaic,Utility,2011,0.162,2700
Photovoltaic,Photovoltaic,Utility,2011,0.159,3100
Photovoltaic,Photovoltaic,Commercial,2011,0.236,3500
Photovoltaic,Photovoltaic,Residential,2011,0.249,3700
Photovoltaic,Photovoltaic,Utility,2011,0.151,3800
Photovoltaic,Photovoltaic,Utility,2011,0.25,3950
Photovoltaic,Photovoltaic,Utility,2011,0.251,4650
Photovoltaic,Photovoltaic,Commercial,2011,0.364,5050
Photovoltaic,Photovoltaic,Utility,2011,0.338,5200
Photovoltaic,Photovoltaic,Residential,2011,0.381,5250
Photovoltaic,Photovoltaic,Commercial,2011,0.293,5500
Photovoltaic,Photovoltaic,Utility,2011,0.342,6200
Photovoltaic,Photovoltaic,Residential,2011,0.35,6500
Photovoltaic,Photovoltaic,Commercial,2011,0.492,6600
Photovoltaic,Photovoltaic,Residential,2011,0.512,6800
Photovoltaic,Photovoltaic,Utility,2012,0.103,2500
Photovoltaic,Photovoltaic,Commercial,2012,0.179,3220
Photovoltaic,Photovoltaic,Commercial,2012,0.267,3800
Photovoltaic,Photovoltaic,Utility,2010,0.155,4000
Photovoltaic,Photovoltaic,Utility,2010,0.239,4000
Photovoltaic,Photovoltaic,Utility,2010,0.154,4002
Photovoltaic,Photovoltaic,Utility,2010,0.166,4002
Photovoltaic,Photovoltaic,Residential,2012,0.235,4220
Photovoltaic,Photovoltaic,Commercial,2012,0.318,4590
Photovoltaic,Photovoltaic,Commercial,2010,0.303,4792
Photovoltaic,Photovoltaic,residential,2010,0.327,4900
Photovoltaic,Photovoltaic,Commercial,2010,0.264,5000
Photovoltaic,Photovoltaic,Commercial,2010,0.304,5099
Photovoltaic,Photovoltaic,Commercial,2012,0.373,5440
Photovoltaic,Photovoltaic,Commercial,2012,0.395,5790
Photovoltaic,Photovoltaic,Residential,2010,0.369,5950
Photovoltaic,Photovoltaic,Residential,2010,0.32,6000
Photovoltaic,Photovoltaic,Residential,2010,0.385,6435
Photovoltaic,Photovoltaic,Commercial,2012,0.183,2500
Photovoltaic,Photovoltaic,Commercial,2012,0.23,3220
Photovoltaic,Photovoltaic,Commercial,2011,0.259,3680
Photovoltaic,Photovoltaic,Commercial,2010,0.299,4300
Photovoltaic,Photovoltaic,Commercial,2011,0.323,4670
Photovoltaic,Photovoltaic,Commercial,2010,0.347,5040
Photovoltaic,Photovoltaic,Utility,2014,0.056,1500
Photovoltaic,Photovoltaic,Utility,2014,0.056,1500
Photovoltaic,Photovoltaic,Utility,2014,0.096,1750
Photovoltaic,Photovoltaic,Utility,2014,0.096,1750
Photovoltaic,Photovoltaic,Commercial,2014,0.117,2500
Photovoltaic,Photovoltaic,Commercial,2013,0.193,2650
Photovoltaic,Photovoltaic,Utility,2013,0.215,2996
Photovoltaic,Photovoltaic,Commercial,2014,0.164,3000
Photovoltaic,Photovoltaic,Utility,2012,0.216,3014
Photovoltaic,Photovoltaic,Commercial,2012,0.232,3260
Photovoltaic,Photovoltaic,Residential,2014,0.168,3500
Photovoltaic,Photovoltaic,Utility,2011,0.249,3523
Photovoltaic,Photovoltaic,Utility,2010,0.267,3799
Photovoltaic,Photovoltaic,Commercial,2013,0.273,3891
Photovoltaic,Photovoltaic,,2013,0.299,4303
Photovoltaic,Photovoltaic,Residential,2014,0.247,4500
Photovoltaic,Photovoltaic,Commercial,2012,0.318,4588
Photovoltaic,Photovoltaic,Residential,2013,0.324,4689
Photovoltaic,Photovoltaic,Commercial,2011,0.328,4740
Photovoltaic,Photovoltaic,Commercial,2011,0.343,4978
Photovoltaic,Photovoltaic,Utility,2008,0.344,4990
Photovoltaic,Photovoltaic,,2012,0.346,5017
Photovoltaic,Photovoltaic,Commercial,2010,0.352,5110
Photovoltaic,Photovoltaic,Residential,2012,0.366,5342
Photovoltaic,Photovoltaic,,2011,0.396,5792
Photovoltaic,Photovoltaic,Commercial,2010,0.402,5887
Photovoltaic,Photovoltaic,Residential,2011,0.427,6286
Photovoltaic,Photovoltaic,,2010,0.454,6702
Photovoltaic,Photovoltaic,Residential,2010,0.478,7062
Photovoltaic,Photovoltaic,Commercial,2007,0.518,7688
Photovoltaic,Photovoltaic,Commercial,2008,0.521,7740
Photovoltaic,Photovoltaic,Commercial,2009,0.525,7804
Photovoltaic,Photovoltaic,Commercial,2006,0.539,8017
Photovoltaic,Photovoltaic,,2009,0.542,8056
Photovoltaic,Photovoltaic,Commercial,2005,0.546,8126
Photovoltaic,Photovoltaic,Commercial,2004,0.558,8316
Photovoltaic,Photovoltaic,Residential,2009,0.56,8347
Photovoltaic,Photovoltaic,Commercial,2003,0.561,8362
Photovoltaic,Photovoltaic,,2008,0.563,8379
Photovoltaic,Photovoltaic,,2006,0.566,8436
Photovoltaic,Photovoltaic,,2005,0.573,8548
Photovoltaic,Photovoltaic,,2007,0.583,8699
Photovoltaic,Photovoltaic,Residential,2008,0.585,8728
Photovoltaic,Photovoltaic,,2004,0.596,8892
Photovoltaic,Photovoltaic,Residential,2005,0.598,8924
Photovoltaic,Photovoltaic,Residential,2006,0.601,8977
Photovoltaic,Photovoltaic,Residential,2007,0.608,9083
Photovoltaic,Photovoltaic,Commercial,2002,0.62,9275
Photovoltaic,Photovoltaic,Residential,2004,0.621,9291
Photovoltaic,Photovoltaic,,2003,0.638,9541
Photovoltaic,Photovoltaic,Residential,2003,0.663,9931
Photovoltaic,Photovoltaic,,2001,0.709,10644
Photovoltaic,Photovoltaic,,2002,0.711,10687
Photovoltaic,Photovoltaic,Residential,2002,0.728,10943
Photovoltaic,Photovoltaic,Residential,2001,0.73,10967
Photovoltaic,Photovoltaic,Residential,2000,0.751,11302
Photovoltaic,Photovoltaic,Residential,1998,0.797,12015
Photovoltaic,Photovoltaic,Residential,1999,0.806,12151
Solar Thermal,Solar Thermal,,2011,0.239,9373.58078
Solar Thermal,Solar Thermal,Tower,2014,0.212,6777
Solar Thermal,Solar Thermal,Tower,2013,0.213,6777
Solar Thermal,Solar Thermal,Tower,2014,0.164,8531.5
Solar Thermal,Solar Thermal,Tower,2013,0.165,8531.5
Solar Thermal,Solar Thermal,,2008,0.293,5683.03
Solar Thermal,Solar Thermal,,2008,0.231,5683.03
Solar Thermal,Solar Thermal,,2008,0.206,5683.03
Solar Thermal,Solar Thermal,,2008,0.2,5683.03
Solar Thermal,Solar Thermal,,2008,0.193,5683.03
Solar Thermal,Solar Thermal,,2007,0.296,5738.75
Solar Thermal,Solar Thermal,,2007,0.233,5738.75
Solar Thermal,Solar Thermal,,2007,0.208,5738.75
Solar Thermal,Solar Thermal,,2007,0.203,5738.75
Solar Thermal,Solar Thermal,,2007,0.195,5738.75
Solar Thermal,Solar Thermal,,2006,0.299,5794.46
Solar Thermal,Solar Thermal,,2006,0.235,5794.46
Solar Thermal,Solar Thermal,,2006,0.21,5794.46
Solar Thermal,Solar Thermal,,2006,0.205,5794.46
Solar Thermal,Solar Thermal,,2006,0.197,5794.46
Solar Thermal,Solar Thermal,,2000,0.302,5850.18
Solar Thermal,Solar Thermal,,2001,0.302,5850.18
Solar Thermal,Solar Thermal,,2002,0.302,5850.18
Solar Thermal,Solar Thermal,,2003,0.302,5850.18
Solar Thermal,Solar Thermal,,2004,0.302,5850.18
Solar Thermal,Solar Thermal,,2005,0.302,5850.18
Solar Thermal,Solar Thermal,,2005,0.238,5850.18
Solar Thermal,Solar Thermal,,2000,0.238,5850.18
Solar Thermal,Solar Thermal,,2001,0.238,5850.18
Solar Thermal,Solar Thermal,,2002,0.238,5850.18
Solar Thermal,Solar Thermal,,2003,0.238,5850.18
Solar Thermal,Solar Thermal,,2004,0.238,5850.18
Solar Thermal,Solar Thermal,,2004,0.212,5850.18
Solar Thermal,Solar Thermal,,2005,0.212,5850.18
Solar Thermal,Solar Thermal,,2000,0.212,5850.18
Solar Thermal,Solar Thermal,,2001,0.212,5850.18
Solar Thermal,Solar Thermal,,2002,0.212,5850.18
Solar Thermal,Solar Thermal,,2003,0.212,5850.18
Solar Thermal,Solar Thermal,,2003,0.207,5850.18
Solar Thermal,Solar Thermal,,2004,0.207,5850.18
Solar Thermal,Solar Thermal,,2005,0.207,5850.18
Solar Thermal,Solar Thermal,,2000,0.207,5850.18
Solar Thermal,Solar Thermal,,2001,0.207,5850.18
Solar Thermal,Solar Thermal,,2002,0.207,5850.18
Solar Thermal,Solar Thermal,,2002,0.199,5850.18
Solar Thermal,Solar Thermal,,2003,0.199,5850.18
Solar Thermal,Solar Thermal,,2004,0.199,5850.18
Solar Thermal,Solar Thermal,,2005,0.199,5850.18
Solar Thermal,Solar Thermal,,2000,0.199,5850.18
Solar Thermal,Solar Thermal,,2001,0.199,5850.18
Solar Thermal,Solar Thermal,,2009,0.144,5219.08
Solar Thermal,Solar Thermal,,2008,0.148,5359.77
Solar Thermal,Solar Thermal,,2007,0.153,5500.45
Solar Thermal,Solar Thermal,,2008,0.183,4582
Solar Thermal,Solar Thermal,,2009,0.186,5021.14
Solar Thermal,Solar Thermal,,2008,0.217,5600
Solar Thermal,Solar Thermal,,2008,0.217,5600
Solar Thermal,Solar Thermal,,2009,0.169,6044
Solar Thermal,Solar Thermal,,2010,0.135,4932.8
Solar Thermal,Solar Thermal,,2010,0.16,6001.63
Solar Thermal,Solar Thermal,,2009,0.136,5132.31
Solar Thermal,Solar Thermal,Trough,2009,0.149,3408
Solar Thermal,Solar Thermal,Trough,2009,0.168,3687
Solar Thermal,Solar Thermal,Trough,2009,0.193,3900
Solar Thermal,Solar Thermal,Trough,2009,0.202,5000
Solar Thermal,Solar Thermal,Trough,2009,0.237,5300
Solar Thermal,Solar Thermal,Tower,2009,0.147,5500
Solar Thermal,Solar Thermal,Trough,2009,0.212,6300
Solar Thermal,Solar Thermal,Tower,2009,0.209,6300
Solar Thermal,Solar Thermal,Trough,2009,0.247,6500
Solar Thermal,Solar Thermal,Trough,2010,0.214,8950
Solar Thermal,Solar Thermal,Trough,2010,0.228,9810
Solar Thermal,Solar Thermal,,2011,0.126,4574.59
Solar Thermal,Solar Thermal,,2010,0.126,4636.41
Solar Thermal,Solar Thermal,,2009,0.208,4860
Solar Thermal,Solar Thermal,,2011,0.177,6000
Solar Thermal,Solar Thermal,,2011,0.166,6286.9
Solar Thermal,Solar Thermal,,2011,0.197,6650
Solar Thermal,Solar Thermal,,2011,0.218,7300
Solar Thermal,Solar Thermal,,2009,0.223,7790
Solar Thermal,Solar Thermal,,2011,0.25,9373.58078
Solar Thermal,Solar Thermal,,2009,0.062,1830
Solar Thermal,Solar Thermal,,2010,0.103,3600
Solar Thermal,Solar Thermal,Trough,2010,0.203,4250
Solar Thermal,Solar Thermal,,2010,0.192,4907
Solar Thermal,Solar Thermal,,2010,0.136,5000
Solar Thermal,Solar Thermal,,2010,0.21,5002
Solar Thermal,Solar Thermal,,2010,0.148,5500
Solar Thermal,Solar Thermal,,2010,0.164,6500
Solar Thermal,Solar Thermal,,2010,0.181,7064
Solar Thermal,Solar Thermal,,2010,0.216,8087
Solar Thermal,Solar Thermal,Tower,2013,0.141,6870
Solar Thermal,Solar Thermal,Tower,2013,0.146,7490
Solar Thermal,Solar Thermal,Tower,2013,0.177,11000
Solar Thermal,Solar Thermal,,2010,0.148,5490
Solar Thermal,Solar Thermal,Tower,2014,0.101,7000
Solar Thermal,Solar Thermal,,2010,0.187,7180
Solar Thermal,Solar Thermal,Tower,2014,0.217,9800
Hydrothermal,Geothermal,Flash,2013,0.082,5992
Hydrothermal,Geothermal,Binary,2013,0.097,6291
Hydrothermal,Geothermal,Flash,2005,0.037,2419.5
Hydrothermal,Geothermal,Flash,2006,0.037,2419.5
Hydrothermal,Geothermal,Flash,2007,0.037,2419.5
Hydrothermal,Geothermal,Flash,2008,0.037,2419.5
Hydrothermal,Geothermal,Flash,2005,0.055,2817.83
Hydrothermal,Geothermal,Flash,2006,0.055,2817.83
Hydrothermal,Geothermal,Flash,2007,0.055,2817.83
Hydrothermal,Geothermal,Flash,2008,0.055,2817.83
Hydrothermal,Geothermal,Flash,2000,0.055,2817.83
Hydrothermal,Geothermal,Flash,2001,0.055,2817.83
Hydrothermal,Geothermal,Flash,2002,0.055,2817.83
Hydrothermal,Geothermal,Flash,2003,0.055,2817.83
Hydrothermal,Geothermal,Flash,2004,0.055,2817.83
Hydrothermal,Geothermal,Flash,2009,0.043,3050.96
Hydrothermal,Geothermal,Flash,2008,0.044,3070.98
Hydrothermal,Geothermal,Flash,2007,0.044,3091
Hydrothermal,Geothermal,Binary,2007,0.06,4337.09
Hydrothermal,Geothermal,Binary,2008,0.06,4309.04
Hydrothermal,Geothermal,Binary,2009,0.059,4281
Hydrothermal,Geothermal,Flash,2009,0.04,1711.11
Hydrothermal,Geothermal,Flash,2009,0.039,1748.99
Hydrothermal,Geothermal,Binary,2009,0.034,2318
Hydrothermal,Geothermal,Flash,2009,0.037,2534
Hydrothermal,Geothermal,Flash,2009,0.052,3676
Hydrothermal,Geothermal,Binary,2009,0.056,4046
Hydrothermal,Geothermal,Flash,2009,0.074,5279
Hydrothermal,Geothermal,Binary,2009,0.088,5881
Hydrothermal,Geothermal,,2010,0.049,2481.75
Hydrothermal,Geothermal,Flash,2011,0.047,1800
Hydrothermal,Geothermal,Binary,2011,0.051,2100
Hydrothermal,Geothermal,Flash,2011,0.063,2700
Hydrothermal,Geothermal,Flash,2011,0.078,3600
Hydrothermal,Geothermal,Binary,2011,0.076,3650
Hydrothermal,Geothermal,Binary,2011,0.1,5200
Hydrothermal,Geothermal,Flash,2010,0.067,2980
Hydrothermal,Geothermal,Flash,2010,0.102,5940
Hydrothermal,Geothermal,Flash,2013,0.051,3778
Hydrothermal,Geothermal,Binary,2013,0.058,4368
Hydrothermal,Geothermal,Binary,2013,0.075,5227
Hydrothermal,Geothermal,Flash,2013,0.083,5933
Hydrothermal,Geothermal,Binary,2013,0.11,6557
Hydrothermal,Geothermal,Flash,2013,0.141,7888
Blind Geothermal,Geothermal,Blind,2010,0.078,5627.8477
Blind Geothermal,Geothermal,Blind,2011,0.1,6846.011937
EGS,Geothermal,Enhanced Geothermal System,2010,0.092,5579.057219
EGS,Geothermal,Enhanced Geothermal System,2013,0.094,6992
EGS,Geothermal,Enhanced Geothermal System,2013,0.094,6992
EGS,Geothermal,Enhanced Geothermal System,2013,0.153,10718
EGS,Geothermal,Enhanced Geothermal System,2013,0.153,10718
EGS,Geothermal,Enhanced Geothermal System,2004,0.111,6997.79
EGS,Geothermal,Enhanced Geothermal System,2005,0.111,6997.79
EGS,Geothermal,Enhanced Geothermal System,2006,0.111,6997.79
EGS,Geothermal,Enhanced Geothermal System,2007,0.111,6997.79
EGS,Geothermal,Enhanced Geothermal System,2000,0.111,6997.79
EGS,Geothermal,Enhanced Geothermal System,2008,0.111,6997.79
EGS,Geothermal,Enhanced Geothermal System,2001,0.111,6997.79
EGS,Geothermal,Enhanced Geothermal System,2002,0.111,6997.79
EGS,Geothermal,Enhanced Geothermal System,2003,0.111,6997.79
EGS,Geothermal,Enhanced Geothermal System,2009,0.058,3904.14
EGS,Geothermal,Enhanced Geothermal System,2008,0.059,3927.95
EGS,Geothermal,Enhanced Geothermal System,2007,0.059,3951.76
EGS,Geothermal,Enhanced Geothermal System,2009,0.075,4000
EGS,Geothermal,Enhanced Geothermal System,2009,0.082,4600
EGS,Geothermal,Enhanced Geothermal System,2009,0.09,5500
EGS,Geothermal,Enhanced Geothermal System,2009,0.105,6750
EGS,Geothermal,Enhanced Geothermal System,2009,0.132,7250
EGS,Geothermal,Enhanced Geothermal System,2011,0.051,1781.85
EGS,Geothermal,Enhanced Geothermal System,2010,0.15,11522
EGS,Geothermal,Enhanced Geothermal System,2014,0.082,4600
EGS,Geothermal,Enhanced Geothermal System,2014,0.132,7250
Small Hydropower,Small Hydro,,2009,0.019,945
Small Hydropower,Small Hydro,,2009,0.068,1730
Small Hydropower,Small Hydro,,2009,0.258,2770
Small Hydropower,Small Hydro,,2011,0.14,5400
Hydroelectric,Hydroelectric,Conventional,2010,0.091,2971
Hydroelectric,Hydroelectric,Conventional,2006,0.022,1320
Hydroelectric,Hydroelectric,Conventional,2007,0.022,1320
Hydroelectric,Hydroelectric,Conventional,2000,0.022,1320
Hydroelectric,Hydroelectric,Conventional,2008,0.022,1320
Hydroelectric,Hydroelectric,Conventional,2001,0.022,1320
Hydroelectric,Hydroelectric,Conventional,2002,0.022,1320
Hydroelectric,Hydroelectric,Conventional,2003,0.022,1320
Hydroelectric,Hydroelectric,Conventional,2004,0.022,1320
Hydroelectric,Hydroelectric,Conventional,2005,0.022,1320
Hydroelectric,Hydroelectric,Conventional,2009,0.035,2241.84
Hydroelectric,Hydroelectric,,2010,0.075,2290.5
Hydroelectric,Hydroelectric,,2009,0.06,2291.48
Hydroelectric,Hydroelectric,,2009,0.032,500
Hydroelectric,Hydroelectric,,2009,0.032,500
Hydroelectric,Hydroelectric,Conventional,2009,0.013,514
Hydroelectric,Hydroelectric,Conventional,2009,0.037,771
Hydroelectric,Hydroelectric,Conventional,2009,0.186,1638
Hydroelectric,Hydroelectric,,2009,0.12,3300
Hydroelectric,Hydroelectric,,2009,0.084,3300
Hydroelectric,Hydroelectric,,2009,0.116,4000
Hydroelectric,Hydroelectric,,2009,0.116,4000
Hydroelectric,Hydroelectric,,2011,0.073,2213.83
Hydroelectric,Hydroelectric,,2010,0.058,2221.23
Hydroelectric,Hydroelectric,,2011,0.033,1000
Hydroelectric,Hydroelectric,,2011,0.066,2000
Hydroelectric,Hydroelectric,,2011,0.098,3000
Hydroelectric,Hydroelectric,,2010,0.09,3500
Hydroelectric,Hydroelectric,,2010,0.093,3500
Hydroelectric,Hydroelectric,,2010,0.052,1310
Hydroelectric,Hydroelectric,Conventional,2010,0.052,1310
Hydroelectric,Hydroelectric,,2010,0.284,11070
Hydroelectric,Hydroelectric,Conventional,2010,0.284,11070
Ocean,Ocean,Marine Hydro-Kinetic,2011,0.225,4500
Ocean,Ocean,Marine Hydro-Kinetic,2011,0.235,4750
Ocean,Ocean,Marine Hydro-Kinetic,2011,0.245,5000
Biopower,Biopower,Coal Co-fire,2000,0.044,1234
Biopower,Biopower,Coal Co-fire,2001,0.044,1234
Biopower,Biopower,Coal Co-fire,2002,0.044,1234
Biopower,Biopower,Coal Co-fire,2003,0.044,1234
Biopower,Biopower,Coal Co-fire,2004,0.045,1234
Biopower,Biopower,Coal Co-fire,2005,0.045,1234
Biopower,Biopower,Coal Co-fire,2006,0.045,1234
Biopower,Biopower,Coal Co-fire,2007,0.045,1234
Biopower,Biopower,Coal Co-fire,2008,0.045,1234
Biopower,Biopower,,2008,0.059,1899.44
Biopower,Biopower,,2007,0.06,1899.44
Biopower,Biopower,,2006,0.061,1899.44
Biopower,Biopower,,2005,0.061,1899.44
Biopower,Biopower,Coal Co-fire,2000,0.05,2047.85
Biopower,Biopower,Coal Co-fire,2001,0.051,2047.85
Biopower,Biopower,Coal Co-fire,2002,0.051,2047.85
Biopower,Biopower,Coal Co-fire,2003,0.052,2047.85
Biopower,Biopower,Coal Co-fire,2004,0.052,2047.85
Biopower,Biopower,Coal Co-fire,2005,0.052,2047.85
Biopower,Biopower,Coal Co-fire,2006,0.052,2059.27
Biopower,Biopower,Coal Co-fire,2007,0.053,2070.69
Biopower,Biopower,Coal Co-fire,2008,0.053,2082.11
Biopower,Biopower,,2005,0.083,2617.45
Biopower,Biopower,,2006,0.083,2617.45
Biopower,Biopower,,2007,0.083,2617.45
Biopower,Biopower,,2000,0.083,2617.45
Biopower,Biopower,,2008,0.083,2617.45
Biopower,Biopower,,2001,0.083,2617.45
Biopower,Biopower,,2002,0.083,2617.45
Biopower,Biopower,,2003,0.083,2617.45
Biopower,Biopower,,2004,0.083,2617.45
Biopower,Biopower,Biogas,2008,0.095,3385.59
Biopower,Biopower,Biogas,2007,0.095,3415.28
Biopower,Biopower,Biogas,2006,0.096,3444.98
Biopower,Biopower,Biogas,2001,0.096,3474.68
Biopower,Biopower,Biogas,2002,0.096,3474.68
Biopower,Biopower,Biogas,2003,0.096,3474.68
Biopower,Biopower,Biogas,2004,0.096,3474.68
Biopower,Biopower,Biogas,2005,0.096,3474.68
Biopower,Biopower,Biogas,2000,0.096,3474.68
Biopower,Biopower,Biogas,2009,0.078,2542.97
Biopower,Biopower,,2009,0.084,3765.7
Biopower,Biopower,,2009,0.063,3849.07
Biopower,Biopower,Biogas,2009,0.048,2599.27
Biopower,Biopower,,2009,0.096,1500
Biopower,Biopower,Fluidized Bed,2009,0.052,1600
Biopower,Biopower,Fluidized Bed,2009,0.061,1750
Biopower,Biopower,,2009,0.102,2000
Biopower,Biopower,Fluidized Bed,2009,0.085,2600
Biopower,Biopower,,2009,0.074,2655
Biopower,Biopower,,2009,0.087,2750
Biopower,Biopower,,2009,0.091,2950
Biopower,Biopower,,2009,0.097,3000
Biopower,Biopower,Fluidized Bed,2009,0.08,3200
Biopower,Biopower,Fluidized Bed,2009,0.114,3250
Biopower,Biopower,,2009,0.113,3751
Biopower,Biopower,,2009,0.109,4000
Biopower,Biopower,,2009,0.109,4250
Biopower,Biopower,Fluidized Bed,2009,0.123,4800
Biopower,Biopower,,2009,0.121,5500
Biopower,Biopower,,2010,0.066,3723.89
Biopower,Biopower,Biogas,2010,0.16,8236.87
Biopower,Biopower,Coal Co-fire,2011,0.009,430
Biopower,Biopower,Coal Co-fire,2011,0.01,465
Biopower,Biopower,Coal Co-fire,2011,0.01,500
Biopower,Biopower,Coal Co-fire,2011,0.013,760
Biopower,Biopower,Coal Co-fire,2011,0.014,830
Biopower,Biopower,Coal Co-fire,2011,0.015,900
Biopower,Biopower,Fluidized Bed,2011,0.052,2600
Biopower,Biopower,Fluidized Bed,2011,0.054,2700
Biopower,Biopower,Fluidized Bed,2011,0.055,2800
Biopower,Biopower,Fluidized Bed,2011,0.061,3300
Biopower,Biopower,Fluidized Bed,2011,0.063,3400
Biopower,Biopower,Fluidized Bed,2011,0.064,3500
Biopower,Biopower,Fluidized Bed,2011,0.071,4000
Biopower,Biopower,Fluidized Bed,2011,0.073,4100
Biopower,Biopower,Fluidized Bed,2011,0.074,4200
Biopower,Biopower,Stoker boiler,2012,0.055,1880
Biopower,Biopower,Biogas,2012,0.073,1917
Biopower,Biopower,Fluidized Bed,2012,0.06,2140
Biopower,Biopower,Fluidized Bed,2012,0.06,2170
Biopower,Biopower,Biogas,2012,0.117,2436
Biopower,Biopower,Digester,2012,0.064,2574
Biopower,Biopower,Stoker CHP,2012,0.082,3550
Biopower,Biopower,,2010,0.107,3834
Biopower,Biopower,,2010,0.094,3865
Biopower,Biopower,Stoker boiler,2012,0.112,4260
Biopower,Biopower,Fluidized Bed,2012,0.116,4500
Biopower,Biopower,Gasifier CHP,2012,0.115,5570
Biopower,Biopower,Fluidized Bed,2012,0.141,5700
Biopower,Biopower,Digester,2012,0.156,6104
Biopower,Biopower,Gasifier CHP,2012,0.157,6545
Biopower,Biopower,Stoker CHP,2012,0.163,6820
Biopower,Biopower,,2013,0.092,3464
Biopower,Biopower,,2013,0.116,4985
Biopower,Biopower,,2013,0.147,6427
Biopower,Biopower,,2014,0.097,3000
Biopower,Biopower,,2014,0.109,4000
Distributed Generation,Distributed Generation,,2009,0.083,1369.74
Distributed Generation,Distributed Generation,,2009,0.48,1644.72
Distributed Generation,Distributed Generation,,2011,0.049,1800
Distributed Generation,Distributed Generation,,2011,0.056,1950
Distributed Generation,Distributed Generation,,2011,0.063,2100
Distributed Generation,Distributed Generation,,2011,0.108,4100
Distributed Generation,Distributed Generation,,2011,0.125,5150
Distributed Generation,Distributed Generation,,2011,0.142,6200
Distributed Generation,Distributed Generation,,2011,0.155,6500
Distributed Generation,Distributed Generation,,2011,0.187,8150
Distributed Generation,Distributed Generation,,2011,0.219,9800
Distributed Generation,Distributed Generation,Diesel,2014,0.009,500
Distributed Generation,Distributed Generation,Diesel,2014,0.037,800
Distributed Generation,Distributed Generation,Microturbine,2014,0.091,2300
Distributed Generation,Distributed Generation,Microturbine,2014,0.122,3800
Fuel Cell,Fuel Cell,,2010,0.098,4600
Fuel Cell,Fuel Cell,,2009,0.146,5359.52
Fuel Cell,Fuel Cell,,2010,0.083,5424.35
Fuel Cell,Fuel Cell,,2009,0.07,5478.18
Fuel Cell,Fuel Cell,,2009,0.1,3800
Fuel Cell,Fuel Cell,,2009,0.22,7000
Fuel Cell,Fuel Cell,,2011,0.096,6662.44
Fuel Cell,Fuel Cell,,2010,0.114,6752.47
Fuel Cell,Fuel Cell,,2011,0.113,4600
Fuel Cell,Fuel Cell,,2011,0.144,7000
Fuel Cell,Fuel Cell,,2014,0.1,3800
Fuel Cell,Fuel Cell,,2014,0.162,7500
Combined Cycle,Combined Cycle,Advanced CC,2005,0.042,725.41
Combined Cycle,Combined Cycle,Advanced CC,2006,0.042,725.41
Combined Cycle,Combined Cycle,Advanced CC,2007,0.042,725.41
Combined Cycle,Combined Cycle,Advanced CC,2008,0.042,725.41
Combined Cycle,Combined Cycle,Advanced CC,2007,0.045,742
Combined Cycle,Combined Cycle,Advanced CC,2000,0.045,742
Combined Cycle,Combined Cycle,Advanced CC,2008,0.045,742
Combined Cycle,Combined Cycle,Advanced CC,2001,0.045,742
Combined Cycle,Combined Cycle,Advanced CC,2002,0.045,742
Combined Cycle,Combined Cycle,Advanced CC,2003,0.045,742
Combined Cycle,Combined Cycle,Advanced CC,2004,0.045,742
Combined Cycle,Combined Cycle,Advanced CC,2005,0.045,742
Combined Cycle,Combined Cycle,Advanced CC,2006,0.045,742
Combined Cycle,Combined Cycle,Advanced CC CCS,2008,0.061,1348.91
Combined Cycle,Combined Cycle,Advanced CC CCS,2007,0.061,1356.15
Combined Cycle,Combined Cycle,Advanced CC CCS,2006,0.062,1363.38
Combined Cycle,Combined Cycle,Advanced CC CCS,2000,0.062,1370.61
Combined Cycle,Combined Cycle,Advanced CC CCS,2001,0.062,1370.61
Combined Cycle,Combined Cycle,Advanced CC CCS,2002,0.062,1370.61
Combined Cycle,Combined Cycle,Advanced CC CCS,2003,0.062,1370.61
Combined Cycle,Combined Cycle,Advanced CC CCS,2004,0.062,1370.61
Combined Cycle,Combined Cycle,Advanced CC CCS,2005,0.062,1370.61
Combined Cycle,Combined Cycle,Conventional CC,2003,0.041,500
Combined Cycle,Combined Cycle,Advanced CC,2009,0.046,947.5
Combined Cycle,Combined Cycle,Conventional CC,2009,0.049,962.43
Combined Cycle,Combined Cycle,Advanced CC CCS,2009,0.069,1889.91
Combined Cycle,Combined Cycle,Advanced CC,2009,0.017,968.48
Combined Cycle,Combined Cycle,,2009,0.017,983.74
Combined Cycle,Combined Cycle,Advanced CC CCS,2009,0.032,1931.75
Combined Cycle,Combined Cycle,,2007,0.014,718
Combined Cycle,Combined Cycle,conventional CC,2009,0.043,753
Combined Cycle,Combined Cycle,Advanced CC,2009,0.04,759
Combined Cycle,Combined Cycle,Conventional CC,2009,0.042,777
Combined Cycle,Combined Cycle,,2007,0.015,782
Combined Cycle,Combined Cycle,,2007,0.016,817
Combined Cycle,Combined Cycle,,2009,0.045,957
Combined Cycle,Combined Cycle,Advanced CC,2009,0.048,957
Combined Cycle,Combined Cycle,conventional CC,2009,0.053,1021
Combined Cycle,Combined Cycle,Conventional CC,2009,0.051,1044
Combined Cycle,Combined Cycle,,2009,0.072,1171
Combined Cycle,Combined Cycle,Advanced CC,2009,0.062,1218
Combined Cycle,Combined Cycle,,2009,0.023,1300
Combined Cycle,Combined Cycle,conventional CC,2009,0.071,1325
Combined Cycle,Combined Cycle,Conventional CC,2009,0.067,1349
Combined Cycle,Combined Cycle,,2007,0.029,1497
Combined Cycle,Combined Cycle,,2007,0.03,1548
Combined Cycle,Combined Cycle,,2007,0.031,1607
Combined Cycle,Combined Cycle,,2010,0.018,966.82
Combined Cycle,Combined Cycle,Advanced CC,2010,0.019,990.79
Combined Cycle,Combined Cycle,Advanced CC CCS,2010,0.038,2036.13
Combined Cycle,Combined Cycle,Conventional CC,2010,0.024,1000
Combined Cycle,Combined Cycle,,2010,0.051,1230
Combined Cycle,Combined Cycle,,2013,0.066,1257
Combined Cycle,Combined Cycle,,2013,0.066,1264
Combined Cycle,Combined Cycle,,2014,0.049,1006
Combined Cycle,Combined Cycle,,2014,0.075,1318
Combustion Turbine,Combustion Turbine,Advanced Combustion Turbine,2005,0.112,492.4
Combustion Turbine,Combustion Turbine,Advanced Combustion Turbine,2006,0.113,493.49
Combustion Turbine,Combustion Turbine,Advanced Combustion Turbine,2007,0.113,494.59
Combustion Turbine,Combustion Turbine,Advanced Combustion Turbine,2008,0.113,495.68
Combustion Turbine,Combustion Turbine,Advanced Combustion Turbine,2000,0.072,595
Combustion Turbine,Combustion Turbine,Advanced Combustion Turbine,2001,0.072,595
Combustion Turbine,Combustion Turbine,Advanced Combustion Turbine,2002,0.072,595
Combustion Turbine,Combustion Turbine,Advanced Combustion Turbine,2003,0.072,595
Combustion Turbine,Combustion Turbine,Advanced Combustion Turbine,2004,0.072,595
Combustion Turbine,Combustion Turbine,Advanced Combustion Turbine,2005,0.072,595
Combustion Turbine,Combustion Turbine,Advanced Combustion Turbine,2006,0.068,618.8
Combustion Turbine,Combustion Turbine,Advanced Combustion Turbine,2007,0.064,642.6
Combustion Turbine,Combustion Turbine,Advanced Combustion Turbine,2008,0.061,666.4
Combustion Turbine,Combustion Turbine,Conventional Combustion Turbine,2006,0.03,685
Combustion Turbine,Combustion Turbine,Advanced Combustion Turbine,2009,0.053,634.17
Combustion Turbine,Combustion Turbine,Conventional Combustion Turbine,2009,0.061,670.26
Combustion Turbine,Combustion Turbine,Conventional Combustion Turbine,2009,0.032,648.21
Combustion Turbine,Combustion Turbine,Advanced Combustion Turbine,2009,0.035,685.1
Combustion Turbine,Combustion Turbine,Advanced Combustion Turbine,2009,0.081,693
Combustion Turbine,Combustion Turbine,Advanced Combustion Turbine,2009,0.153,801
Combustion Turbine,Combustion Turbine,Conventional Combustion Turbine,2009,0.146,842
Combustion Turbine,Combustion Turbine,Conventional Combustion Turbine,2009,0.154,914
Combustion Turbine,Combustion Turbine,Advanced Combustion Turbine,2009,0.351,919
Combustion Turbine,Combustion Turbine,,2009,0.053,1100
Combustion Turbine,Combustion Turbine,Conventional Combustion Turbine,2009,0.364,1204
Combustion Turbine,Combustion Turbine,Conventional Combustion Turbine,2009,0.396,1277
Combustion Turbine,Combustion Turbine,Conventional Combustion Turbine,2009,0.941,1495
Combustion Turbine,Combustion Turbine,Conventional Combustion Turbine,2009,0.974,1567
Combustion Turbine,Combustion Turbine,Conventional Combustion Turbine,2010,0.049,961.49
Combustion Turbine,Combustion Turbine,Advanced Combustion Turbine,2010,0.038,657.58
Combustion Turbine,Combustion Turbine,Conventional Combustion Turbine,2010,0.046,500
Combustion Turbine,Combustion Turbine,,2010,0.103,651
Combustion Turbine,Combustion Turbine,Advanced Combustion Turbine,2013,0.188,1151
Combustion Turbine,Combustion Turbine,Conventional Combustion Turbine,2013,0.331,1569
Combustion Turbine,Combustion Turbine,Conventional Combustion Turbine,2013,0.339,1609
Combustion Turbine,Combustion Turbine,Conventional Combustion Turbine,2014,0.143,800
Combustion Turbine,Combustion Turbine,Conventional Combustion Turbine,2014,0.197,1000
Scrubbed,Coal,Advanced PC CCS,2000,0.047,1204
Scrubbed,Coal,Advanced PC CCS,2001,0.047,1204
Scrubbed,Coal,Advanced PC CCS,2002,0.047,1204
Scrubbed,Coal,Advanced PC CCS,2003,0.047,1204
Scrubbed,Coal,Advanced PC CCS,2004,0.047,1204
Scrubbed,Coal,Advanced PC CCS,2005,0.047,1204
Scrubbed,Coal,Advanced PC CCS,2006,0.047,1204
Scrubbed,Coal,Advanced PC CCS,2007,0.047,1204
Scrubbed,Coal,Advanced PC CCS,2008,0.047,1204
Scrubbed,Coal,Advanced PC,2008,0.053,1544.82
Scrubbed,Coal,Advanced PC,2007,0.053,1544.82
Scrubbed,Coal,Advanced PC,2006,0.053,1544.82
Scrubbed,Coal,Advanced PC,2005,0.053,1544.82
Scrubbed,Coal,Advanced PC,2000,0.054,2017.85
Scrubbed,Coal,Advanced PC,2001,0.055,2017.85
Scrubbed,Coal,Advanced PC,2002,0.055,2017.85
Scrubbed,Coal,Advanced PC,2003,0.056,2017.85
Scrubbed,Coal,Advanced PC,2004,0.056,2017.85
Scrubbed,Coal,Advanced PC,2005,0.057,2017.85
Scrubbed,Coal,Advanced PC,2006,0.057,2029.27
Scrubbed,Coal,Advanced PC,2007,0.057,2040.69
Scrubbed,Coal,Advanced PC,2008,0.057,2052.11
Scrubbed,Coal,Advanced PC,2009,0.059,2057.84
Scrubbed,Coal,Advanced PC,2009,0.064,3000
Scrubbed,Coal,Advanced PC,2009,0.145,8400
Scrubbed,Coal,Advanced PC,2010,0.038,2300
Scrubbed,Coal,Advanced PC,2010,0.069,2890
Scrubbed,Coal,Advanced PC,2014,0.066,3000
Scrubbed,Coal,Advanced PC,2014,0.15,8400
Unscrubbed,Coal,Conventional PC,2000,0.045,1000
Unscrubbed,Coal,Conventional PC,2001,0.045,1000
Unscrubbed,Coal,Conventional PC,2002,0.045,1000
Unscrubbed,Coal,Conventional PC,2003,0.045,1000
Unscrubbed,Coal,Conventional PC,2004,0.045,1000
Unscrubbed,Coal,Conventional PC,2005,0.045,1000
Unscrubbed,Coal,Conventional PC,2006,0.046,1000
Unscrubbed,Coal,Conventional PC,2007,0.046,1000
Unscrubbed,Coal,Conventional PC,2008,0.046,1000
Unscrubbed,Coal,Conventional PC,2003,0.043,1300
IGCC,Coal,IGCC,2002,0.068,2617.49
IGCC,Coal,IGCC,2003,0.068,2617.49
IGCC,Coal,IGCC,2004,0.068,2617.49
IGCC,Coal,IGCC,2005,0.068,2617.49
IGCC,Coal,IGCC,2000,0.068,2617.49
IGCC,Coal,IGCC,2001,0.068,2617.49
IGCC,Coal,IGCC,2006,0.069,2634.62
IGCC,Coal,IGCC,2007,0.069,2651.75
IGCC,Coal,IGCC,2008,0.069,2668.89
IGCC,Coal,IGCC CCS,2008,0.086,3437.03
IGCC,Coal,IGCC CCS,2007,0.086,3449.59
IGCC,Coal,IGCC CCS,2006,0.086,3462.15
IGCC,Coal,IGCC CCS,2000,0.086,3474.72
IGCC,Coal,IGCC CCS,2001,0.086,3474.72
IGCC,Coal,IGCC CCS,2002,0.086,3474.72
IGCC,Coal,IGCC CCS,2003,0.086,3474.72
IGCC,Coal,IGCC CCS,2004,0.086,3474.72
IGCC,Coal,IGCC CCS,2005,0.086,3474.72
IGCC,Coal,IGCC,2009,0.062,2378.34
IGCC,Coal,IGCC CCS,2009,0.085,3495.95
IGCC,Coal,IGCC,2009,0.062,2568.84
IGCC,Coal,IGCC CCS,2009,0.083,3776.17
IGCC,Coal,IGCC,2007,0.073,2351
IGCC,Coal,IGCC,2007,0.075,2447
IGCC,Coal,IGCC,2007,0.079,2716
IGCC,Coal,IGCC,2007,0.079,2728
IGCC,Coal,IGCC,2007,0.084,2771
IGCC,Coal,IGCC,2007,0.086,3056
IGCC,Coal,IGCC,2007,0.087,3094
IGCC,Coal,IGCC,2007,0.091,3185
IGCC,Coal,IGCC,2007,0.092,3239
IGCC,Coal,IGCC CCS,2007,0.098,3334
IGCC,Coal,IGCC CCS,2007,0.103,3466
IGCC,Coal,IGCC CCS,2007,0.104,3691
IGCC,Coal,IGCC,2009,0.091,3750
IGCC,Coal,IGCC CCS,2007,0.112,3851
IGCC,Coal,IGCC CCS,2007,0.11,3904
IGCC,Coal,IGCC CCS,2007,0.117,4253
IGCC,Coal,IGCC CCS,2007,0.119,4318
IGCC,Coal,IGCC CCS,2007,0.12,4378
IGCC,Coal,IGCC CCS,2007,0.122,4430
IGCC,Coal,IGCC,2009,0.12,5250
IGCC,Coal,IGCC CCS,2009,0.185,9000
IGCC,Coal,IGCC,2010,0.08,3182.1
IGCC,Coal,IGCC CCS,2010,0.117,5286.63
IGCC,Coal,IGCC,2010,0.088,4010
IGCC,Coal,IGCC,2014,0.101,4000
IGCC,Coal,IGCC,2014,0.171,8000
Nuclear,Nuclear,,2008,0.047,2293.15
Nuclear,Nuclear,,2007,0.047,2295.43
Nuclear,Nuclear,,2006,0.047,2297.72
Nuclear,Nuclear,,2005,0.047,2300
Nuclear,Nuclear,,2006,0.039,2358
Nuclear,Nuclear,,2008,0.058,3050.95
Nuclear,Nuclear,,2007,0.059,3068.27
Nuclear,Nuclear,,2006,0.059,3085.59
Nuclear,Nuclear,,2000,0.059,3102.91
Nuclear,Nuclear,,2001,0.059,3102.91
Nuclear,Nuclear,,2002,0.059,3102.91
Nuclear,Nuclear,,2003,0.059,3102.91
Nuclear,Nuclear,,2004,0.059,3102.91
Nuclear,Nuclear,,2005,0.059,3102.91
Nuclear,Nuclear,,2009,0.063,3317.8
Nuclear,Nuclear,,2007,0.053,3333
Nuclear,Nuclear,,2009,0.061,3820.23
Nuclear,Nuclear,,2009,0.079,5385
Nuclear,Nuclear,,2009,0.118,7500
Nuclear,Nuclear,,2009,0.115,8199
Nuclear,Nuclear,,2010,0.081,5274.51
Nuclear,Nuclear,,2011,0.061,3790
Nuclear,Nuclear,,2011,0.065,3944
Nuclear,Nuclear,,2010,0.078,4600
Nuclear,Nuclear,,2010,0.102,6100
Nuclear,Nuclear,,2014,0.09,5385
Nuclear,Nuclear,,2014,0.129,8199